{
	"type": "minecraft:fishing",
	"pools": [
		{
			"rolls": 1.0,
			"entries": [
				{
					"type": "minecraft:item",
					"name": "minecraft:cod",
					"functions": [
						{
							"function": "minecraft:set_name",
							"entity": "this",
							"name": {
								"text": "タラ",
								"color": "yellow",
								"bold": true,
								"italic": false
							}
						},
						{
							"function": "minecraft:set_lore",
							"entity": "this",
							"lore": [
								{
									"text": "雪のように白いサカナ",
									"color": "white",
									"italic": false
								},
								{
									"text": ""
								},
								[
									{
										"text": "[",
										"color": "white",
										"italic": false
									},
									{
										"text": "☆"
									},
									{
										"text": "]"
									}
								]
							]
						},
						{
							"function": "minecraft:set_nbt",
							"tag": "{NewFish:1b,Fish:1b}"
						}
					]
				},
				{
					"type": "minecraft:item",
					"name": "minecraft:salmon",
					"functions": [
						{
							"function": "minecraft:set_name",
							"entity": "this",
							"name": {
								"text": "サケ",
								"color": "yellow",
								"bold": true,
								"italic": false
							}
						},
						{
							"function": "minecraft:set_lore",
							"entity": "this",
							"lore": [
								{
									"text": "サシミにすると旨い！",
									"color": "white",
									"italic": false
								},
								{
									"text": ""
								},
								[
									{
										"text": "[",
										"color": "white",
										"italic": false
									},
									{
										"text": "☆"
									},
									{
										"text": "]"
									}
								]
							]
						},
						{
							"function": "minecraft:set_nbt",
							"tag": "{NewFish:1b,Fish:1b}"
						}
					]
				},
				{
					"type": "minecraft:item",
					"name": "minecraft:pufferfish",
					"functions": [
						{
							"function": "minecraft:set_name",
							"entity": "this",
							"name": {
								"text": "フグ",
								"color": "yellow",
								"bold": true,
								"italic": false
							}
						},
						{
							"function": "minecraft:set_lore",
							"entity": "this",
							"lore": [
								{
									"text": "捌くには免許が必要だよ",
									"color": "white",
									"italic": false
								},
								{
									"text": ""
								},
								[
									{
										"text": "[",
										"color": "white",
										"italic": false
									},
									{
										"text": "☆"
									},
									{
										"text": "]"
									}
								]
							]
						},
						{
							"function": "minecraft:set_nbt",
							"tag": "{NewFish:1b,Fish:1b}"
						}
					]
				},
				{
					"type": "minecraft:item",
					"name": "minecraft:tropical_fish",
					"functions": [
						{
							"function": "minecraft:set_name",
							"entity": "this",
							"name": {
								"text": "熱帯魚",
								"color": "yellow",
								"bold": true,
								"italic": false
							}
						},
						{
							"function": "minecraft:set_lore",
							"entity": "this",
							"lore": [
								{
									"text": "食べないで＞＜",
									"color": "white",
									"italic": false
								},
								{
									"text": ""
								},
								[
									{
										"text": "[",
										"color": "white",
										"italic": false
									},
									{
										"text": "☆"
									},
									{
										"text": "]"
									}
								]
							]
						},
						{
							"function": "minecraft:set_nbt",
							"tag": "{NewFish:1b,Fish:1b}"
						}
					]
				},
				{
					"type": "minecraft:loot_table",
					"name": "fishing:baits/normal",
					"functions": [
						{
							"function": "minecraft:set_count",
							"count": 8
						},
						{
							"function": "minecraft:set_nbt",
							"tag": "{NewFish:1b}"
						}
					]
				}
			]
		}
	]
}
