{
	"type": "minecraft:fishing",
	"pools": [
		{
			"rolls": 1.0,
			"entries": [
				{
					"type": "minecraft:item",
					"name": "minecraft:stone_button",
					"functions": [
						{
							"function": "minecraft:set_name",
							"entity": "this",
							"name": {
								"text": "石",
								"color": "yellow",
								"bold": true,
								"italic": false
							}
						},
						{
							"function": "minecraft:set_lore",
							"entity": "this",
							"lore": [
								{
									"text": "石を 釣り上げた！",
									"color": "white",
									"italic": false
								},
								{
									"text": ""
								},
								[
									{
										"text": "[",
										"color": "white",
										"italic": false
									},
									{
										"text": "☆☆",
										"color": "green"
									},
									{
										"text": "]"
									}
								]
							]
						},
						{
							"function": "minecraft:set_nbt",
							"tag": "{NewFish:1b,Fish:1b}"
						}
					]
				},
				{
					"type": "minecraft:item",
					"name": "minecraft:melon_seeds",
					"functions": [
						{
							"function": "minecraft:set_name",
							"entity": "this",
							"name": {
								"text": "キャビア",
								"color": "yellow",
								"bold": true,
								"italic": false
							}
						},
						{
							"function": "minecraft:set_lore",
							"entity": "this",
							"lore": [
								{
									"text": "世界三大珍味のうちの一つ",
									"color": "white",
									"italic": false
								},
								{
									"text": ""
								},
								[
									{
										"text": "[",
										"color": "white",
										"italic": false
									},
									{
										"text": "☆☆",
										"color": "green"
									},
									{
										"text": "]"
									}
								]
							]
						},
						{
							"function": "minecraft:set_nbt",
							"tag": "{NewFish:1b,Fish:1b}"
						}
					]
				},
				{
					"type": "minecraft:item",
					"name": "minecraft:red_dye",
					"functions": [
						{
							"function": "minecraft:set_name",
							"entity": "this",
							"name": {
								"text": "マグロ",
								"color": "yellow",
								"bold": true,
								"italic": false
							}
						},
						{
							"function": "minecraft:set_lore",
							"entity": "this",
							"lore": [
								{
									"text": "サシミの中での一番人気",
									"color": "white",
									"italic": false
								},
								{
									"text": ""
								},
								[
									{
										"text": "[",
										"color": "white",
										"italic": false
									},
									{
										"text": "☆☆",
										"color": "green"
									},
									{
										"text": "]"
									}
								]
							]
						},
						{
							"function": "minecraft:set_nbt",
							"tag": "{NewFish:1b,Fish:1b}"
						}
					]
				},
				{
					"type": "minecraft:loot_table",
					"name": "fishing:baits/good",
					"functions": [
						{
							"function": "minecraft:set_count",
							"count": 4
						},
						{
							"function": "minecraft:set_nbt",
							"tag": "{NewFish:1b}"
						}
					]
				}
			]
		}
	]
}
