{
	"type": "minecraft:fishing",
	"pools": [
		{
			"rolls": 1.0,
			"entries": [
				{
					"type": "minecraft:item",
					"name": "minecraft:player_head",
					"functions": [
						{
							"function": "minecraft:set_nbt",
							"tag": "{SkullOwner: {Id: [I;1025159247,380653413,-1637659352,-1504023937],Properties: {textures: [{Value: \"eyJ0ZXh0dXJlcyI6eyJTS0lOIjp7InVybCI6Imh0dHA6Ly90ZXh0dXJlcy5taW5lY3JhZnQubmV0L3RleHR1cmUvYzJhZDNjYzZkMzYzMWNhYTg4N2E5MWViYzVlNmE2NWNmMjU3ODAzYzdjN2FjZDU3ZDE5YTBhYzIyZmFlODQwMyJ9fX0=\"}]}}}"
						},
						{
							"function": "minecraft:set_name",
							"entity": "this",
							"name": {
								"text": "コイの王",
								"color": "yellow",
								"bold": true,
								"italic": false
							}
						},
						{
							"function": "minecraft:set_lore",
							"entity": "this",
							"lore": [
								{
									"text": "P〇kem〇nというゲームにいた...らしい",
									"color": "white",
									"italic": false
								},
								{
									"text": ""
								},
								[
									{
										"text": "[",
										"color": "white",
										"italic": false
									},
									{
										"text": "☆☆☆",
										"color": "light_purple"
									},
									{
										"text": "]"
									}
								]
							]
						},
						{
							"function": "minecraft:set_nbt",
							"tag": "{NewFish:1b,Fish:1b}"
						}
					]
				},
				{
					"type": "minecraft:item",
					"name": "minecraft:player_head",
					"functions": [
						{
							"function": "minecraft:set_nbt",
							"tag": "{SkullOwner: {Id: [I;440871358,-1899148055,-2055114150,62352223],Properties: {textures: [{Value: \"eyJ0ZXh0dXJlcyI6eyJTS0lOIjp7InVybCI6Imh0dHA6Ly90ZXh0dXJlcy5taW5lY3JhZnQubmV0L3RleHR1cmUvMjBhNWJiMDcxNjQ3MzlhMmZjNjRlMjFiNjI5Yzk5OWZkMDVhMzEzOTk5MDk4NTEwODRiZWEyYTBjN2ZjMjRiZCJ9fX0=\"}]}}}"
						},
						{
							"function": "minecraft:set_name",
							"entity": "this",
							"name": {
								"text": "サメちゃん",
								"color": "yellow",
								"bold": true,
								"italic": false
							}
						},
						{
							"function": "minecraft:set_lore",
							"entity": "this",
							"lore": [
								{
									"text": "あ",
									"color": "white",
									"italic": false
								},
								{
									"text": ""
								},
								[
									{
										"text": "[",
										"color": "white",
										"italic": false
									},
									{
										"text": "☆☆☆",
										"color": "light_purple"
									},
									{
										"text": "]"
									}
								]
							]
						},
						{
							"function": "minecraft:set_nbt",
							"tag": "{NewFish:1b,Fish:1b}"
						}
					]
				},
				{
					"type": "minecraft:loot_table",
					"name": "fishing:baits/super_good",
					"functions": [
						{
							"function": "minecraft:set_count",
							"count": 2
						},
						{
							"function": "minecraft:set_nbt",
							"tag": "{NewFish:1b}"
						}
					]
				}
			]
		}
	]
}
