{
	"type": "minecraft:fishing",
	"pools": [
		{
			"rolls": 1.0,
			"entries": [
				{
					"type": "minecraft:item",
					"name": "minecraft:player_head",
					"functions": [
						{
							"function": "minecraft:set_nbt",
							"tag": "{SkullOwner: {Id: [I;2031651985,1227050261,-1272660964,1398938832],Properties: {textures: [{Value: \"eyJ0ZXh0dXJlcyI6eyJTS0lOIjp7InVybCI6Imh0dHA6Ly90ZXh0dXJlcy5taW5lY3JhZnQubmV0L3RleHR1cmUvMjJmYzlmNzhjZTU5OTFjYmVmZjgxNDIwMjg5NGY4YWIyYTQ3MTJlNDIzYWUzN2UyZGEyNWFhZmYyYWMzYiJ9fX0=\"}]}}}"
						},
						{
							"function": "minecraft:set_name",
							"entity": "this",
							"name": {
								"text": "主",
								"color": "yellow",
								"bold": true,
								"italic": false
							}
						},
						{
							"function": "minecraft:set_lore",
							"entity": "this",
							"lore": [
								{
									"text": "このツリボリの主",
									"color": "white",
									"italic": false
								},
								{
									"text": ""
								},
								[
									{
										"text": "[",
										"color": "white",
										"italic": false
									},
									{
										"text": "☆☆☆☆",
										"color": "yellow"
									},
									{
										"text": "]"
									}
								]
							]
						},
						{
							"function": "minecraft:set_nbt",
							"tag": "{NewFish:1b,Fish:1b}"
						}
					]
				},
				{
					"type": "minecraft:loot_table",
					"name": "fishing:baits/best",
					"functions": [
						{
							"function": "minecraft:set_count",
							"count": 1
						},
						{
							"function": "minecraft:set_nbt",
							"tag": "{NewFish:1b}"
						}
					]
				}
			]
		}
	]
}
