{
	"pools": [
		{
			"rolls": 1.0,
			"entries": [
				{
					"type": "minecraft:item",
					"name": "minecraft:fishing_rod",
					"functions": [
						{
							"function": "minecraft:set_name",
							"entity": "this",
							"name": {
								"text": "ツリザオ",
								"color": "yellow",
								"bold": true,
								"italic": false
							}
						},
						{
							"function": "minecraft:set_lore",
							"entity": "this",
							"lore": [
								{
									"text": "サカナを釣るために使われた道具",
									"color": "white",
									"italic": false
								},
								{
									"text": ""
								},
								[
									{
										"text": "[",
										"color": "white",
										"italic": false
									},
									{
										"text": "☆"
									},
									{
										"text": "]"
									}
								]
							]
						},
						{
							"function": "minecraft:set_enchantments",
							"enchantments": {
								"minecraft:lure": 5
							}
						},
						{
							"function": "minecraft:set_nbt",
							"tag": "{Unbreakable:1b,HideFlags:5}"
						}
					]
				}
			]
		}
	]
}
