{
	"pools": [
		{
			"rolls": 1.0,
			"entries": [
				{
					"type": "minecraft:item",
					"name": "minecraft:player_head",
					"functions": [
						{
							"function": "minecraft:fill_player_head",
							"entity": "this"
						},
						{
							"function": "minecraft:set_name",
							"entity": "this",
							"name": {
								"selector": "@s",
								"bold": true,
								"italic": false
							}
						},
						{
							"function": "minecraft:set_nbt",
							"tag": "{PlayerHead:1b}"
						}
					]
				}
			]
		}
	]
}
