{
	"pools": [
		{
			"rolls": 1.0,
			"entries": [
				{
					"type": "minecraft:item",
					"name": "minecraft:pumpkin_seeds",
					"functions": [
						{
							"function": "minecraft:set_name",
							"entity": "this",
							"name": {
								"text": "最強のエサ",
								"color": "yellow",
								"bold": true,
								"italic": false
							}
						},
						{
							"function": "minecraft:set_lore",
							"entity": "this",
							"lore": [
								{
									"text": "このエサを見逃すサカナなんてこの世にはいません！",
									"color": "white",
									"italic": false
								},
								{
									"text": ""
								},
								[
									{
										"text": "[",
										"color": "white",
										"italic": false
									},
									{
										"text": "☆☆☆☆",
										"color": "yellow"
									},
									{
										"text": "]"
									}
								],
								{
									"text": "オフハンドに持って使用",
									"color": "gray",
									"italic": false
								}
							]
						},
						{
							"function": "minecraft:set_nbt",
							"tag": "{Bait:1b,Chance:[2,3,3,2]}"
						}
					]
				}
			]
		}
	]
}
