{
	"pools": [
		{
			"rolls": 1.0,
			"entries": [
				{
					"type": "minecraft:item",
					"name": "minecraft:beetroot_seeds",
					"functions": [
						{
							"function": "minecraft:set_name",
							"entity": "this",
							"name": {
								"text": "ちょっといいエサ",
								"color": "yellow",
								"bold": true,
								"italic": false
							}
						},
						{
							"function": "minecraft:set_lore",
							"entity": "this",
							"lore": [
								{
									"text": "大粒だから満腹感を味わえる一品",
									"color": "white",
									"italic": false
								},
								{
									"text": ""
								},
								[
									{
										"text": "[",
										"color": "white",
										"italic": false
									},
									{
										"text": "☆☆",
										"color": "green"
									},
									{
										"text": "]"
									}
								],
								{
									"text": "オフハンドに持って使用",
									"color": "gray",
									"italic": false
								}
							]
						},
						{
							"function": "minecraft:set_nbt",
							"tag": "{Bait:1b,Chance:[4,3,2,1]}"
						}
					]
				}
			]
		}
	]
}
