{
	"pools": [
		{
			"rolls": 1.0,
			"entries": [
				{
					"type": "minecraft:item",
					"name": "minecraft:wheat_seeds",
					"functions": [
						{
							"function": "minecraft:set_name",
							"entity": "this",
							"name": {
								"text": "普通のエサ",
								"color": "yellow",
								"bold": true,
								"italic": false
							}
						},
						{
							"function": "minecraft:set_lore",
							"entity": "this",
							"lore": [
								{
									"text": "フツーな見た目でフツーな感触のエサ",
									"color": "white",
									"italic": false
								},
								{
									"text": ""
								},
								{
									"text": "[☆]",
									"color": "white",
									"italic": false
								},
								{
									"text": "オフハンドに持って使用",
									"color": "gray",
									"italic": false
								}
							]
						},
						{
							"function": "minecraft:set_nbt",
							"tag": "{Bait:1b,Chance:[5,3,2,0]}"
						}
					]
				}
			]
		}
	]
}
